[{"model": "chat.contact", "pk": 1, "fields": {"user": 8, "friends": [2]}}, {"model": "chat.contact", "pk": 2, "fields": {"user": 1, "friends": [1]}}, {"model": "chat.contact", "pk": 3, "fields": {"user": 9, "friends": []}}, {"model": "chat.contact", "pk": 4, "fields": {"user": 10, "friends": []}}, {"model": "chat.contact", "pk": 5, "fields": {"user": 11, "friends": []}}, {"model": "chat.contact", "pk": 6, "fields": {"user": 12, "friends": []}}, {"model": "chat.contact", "pk": 7, "fields": {"user": 13, "friends": []}}, {"model": "chat.contact", "pk": 8, "fields": {"user": 14, "friends": []}}, {"model": "chat.contact", "pk": 9, "fields": {"user": 15, "friends": []}}, {"model": "chat.message", "pk": 1, "fields": {"contact": 2, "content": "min\n", "timestamp": "2020-05-23T19:07:21.383Z"}}, {"model": "chat.message", "pk": 2, "fields": {"contact": 1, "content": "Hello?\n", "timestamp": "2020-05-23T21:25:37.050Z"}}, {"model": "chat.message", "pk": 3, "fields": {"contact": 2, "content": "Wusup\n", "timestamp": "2020-05-23T22:56:49.379Z"}}, {"model": "chat.message", "pk": 4, "fields": {"contact": 2, "content": "How You doing?\n", "timestamp": "2020-05-23T22:59:56.223Z"}}, {"model": "chat.message", "pk": 5, "fields": {"contact": 1, "content": "I dey alright oh\n", "timestamp": "2020-05-23T23:00:36.416Z"}}, {"model": "chat.message", "pk": 6, "fields": {"contact": 1, "content": "well\n", "timestamp": "2020-05-23T23:03:25.287Z"}}, {"model": "chat.message", "pk": 7, "fields": {"contact": 1, "content": "I'm Not sure sha\n", "timestamp": "2020-05-23T23:03:44.241Z"}}, {"model": "chat.message", "pk": 8, "fields": {"contact": 1, "content": "yin\n", "timestamp": "2020-05-25T15:33:46.253Z"}}, {"model": "chat.message", "pk": 9, "fields": {"contact": 2, "content": "Hey\n", "timestamp": "2020-05-25T21:25:01.843Z"}}, {"model": "chat.chat", "pk": 1, "fields": {"name": "General", "participants": [1, 2], "messages": [2, 3, 4, 5, 6, 7, 8, 9]}}, {"model": "vauth.profile", "pk": 3, "fields": {"user": 1, "verified": true, "sex": "male", "about": "Almost Done oh!", "phone_number": "09093455764", "dp": "display_pics/sword-art-online-alicization-war-of-underworld-2nd-season.png", "location": "Landmark, Omu-Aran", "position": null, "date_joined": "2020-05-19T09:51:01.496Z", "subscribed": null}}, {"model": "vauth.profile", "pk": 4, "fields": {"user": 8, "verified": false, "sex": "female", "about": "", "phone_number": null, "dp": "", "location": "Somewhere", "position": null, "date_joined": "2020-05-19T23:03:31.048Z", "subscribed": null}}, {"model": "vauth.profile", "pk": 5, "fields": {"user": 9, "verified": false, "sex": "", "about": null, "phone_number": null, "dp": "", "location": "", "position": null, "date_joined": "2020-05-27T17:43:16.197Z", "subscribed": null}}, {"model": "vauth.profile", "pk": 6, "fields": {"user": 10, "verified": false, "sex": "", "about": null, "phone_number": null, "dp": "", "location": "", "position": null, "date_joined": "2020-05-27T17:44:24.617Z", "subscribed": null}}, {"model": "vauth.profile", "pk": 7, "fields": {"user": 11, "verified": false, "sex": "", "about": null, "phone_number": null, "dp": "", "location": "", "position": null, "date_joined": "2020-05-27T17:47:10.279Z", "subscribed": null}}, {"model": "vauth.profile", "pk": 8, "fields": {"user": 12, "verified": false, "sex": "", "about": null, "phone_number": null, "dp": "", "location": "", "position": null, "date_joined": "2020-05-27T17:49:04.414Z", "subscribed": null}}, {"model": "vauth.profile", "pk": 9, "fields": {"user": 13, "verified": false, "sex": "", "about": null, "phone_number": null, "dp": "", "location": "", "position": null, "date_joined": "2020-05-27T17:58:22.373Z", "subscribed": null}}, {"model": "vauth.profile", "pk": 10, "fields": {"user": 14, "verified": false, "sex": "", "about": null, "phone_number": null, "dp": "", "location": "", "position": null, "date_joined": "2020-05-27T18:00:29.643Z", "subscribed": null}}, {"model": "vauth.profile", "pk": 11, "fields": {"user": 15, "verified": false, "sex": "", "about": null, "phone_number": null, "dp": "", "location": "", "position": null, "date_joined": "2020-05-27T18:19:32.096Z", "subscribed": null}}, {"model": "vauth.applicant", "pk": 1, "fields": {"first_name": "Elijah", "last_name": "Soladoye", "statement": "psum dolor sit amet, consectetur adipisicing elit. Reprehenderit maiores nam, aperiam", "middle_name": "Iseoluwa", "email": "shodown96@gmail.com", "phone_number": 9093455764, "address": "No8, Eastern Reservoir road, tanke, ilorin, Kwara state.", "sex": "male", "date_applied": "2020-05-18T23:23:55.024Z"}}, {"model": "vauth.applicant", "pk": 2, "fields": {"first_name": "Liz", "last_name": "Soladoye", "statement": "orem ipsum dolor sit amet, consectetur adipisicing elit. Reprehenderit maiores nam, aperiam minima assumenda deleniti hic.", "middle_name": "Funmi", "email": "lizolaniran@gmail.com", "phone_number": 9093455764, "address": "No8, Eastern Reservoir road, tanke, ilorin, Kwara state.", "sex": "male", "date_applied": "2020-05-19T08:23:38.385Z"}}, {"model": "vauth.applicant", "pk": 3, "fields": {"first_name": "Dum27", "last_name": "Dummy2", "statement": "losjdjeiemcn", "middle_name": "Dummy", "email": "marjieb0@arthursbox.com", "phone_number": 9323455764, "address": "No8, Eastern Reservoir road, tanke, ilorin, Kwara state.", "sex": "female", "date_applied": "2020-05-27T17:42:39.109Z"}}, {"model": "vauth.task", "pk": 1, "fields": {"title": "Post A blog on", "content": "Instruction: Hmmn you are to", "user": 1, "timestamp": "2020-05-19T22:50:44.886Z", "completed": true, "verified": false}}, {"model": "vauth.task", "pk": 2, "fields": {"title": "Post an Event", "content": "Instruction: Hmmn you are to", "user": 1, "timestamp": "2020-05-19T22:51:02.524Z", "completed": true, "verified": true}}, {"model": "vauth.task", "pk": 3, "fields": {"title": "Welcome", "content": "Instruction: Hmmn you are to", "user": 8, "timestamp": "2020-05-23T18:29:24.199Z", "completed": false, "verified": false}}, {"model": "admin.logentry", "pk": 1, "fields": {"action_time": "2020-05-10T16:57:13.156Z", "user": 1, "content_type": 8, "object_id": "1", "object_repr": "Corona", "action_flag": 1, "change_message": "[{\"added\": {}}]"}}, {"model": "admin.logentry", "pk": 2, "fields": {"action_time": "2020-05-10T16:59:17.508Z", "user": 1, "content_type": 8, "object_id": "2", "object_repr": "Gaming Sickness", "action_flag": 1, "change_message": "[{\"added\": {}}]"}}, {"model": "admin.logentry", "pk": 3, "fields": {"action_time": "2020-05-10T17:00:41.693Z", "user": 1, "content_type": 7, "object_id": "1", "object_repr": "Halamunto", "action_flag": 1, "change_message": "[{\"added\": {}}]"}}, {"model": "admin.logentry", "pk": 4, "fields": {"action_time": "2020-05-10T17:02:09.997Z", "user": 1, "content_type": 7, "object_id": "2", "object_repr": "Himorragi", "action_flag": 1, "change_message": "[{\"added\": {}}]"}}, {"model": "admin.logentry", "pk": 5, "fields": {"action_time": "2020-05-10T17:03:20.900Z", "user": 1, "content_type": 9, "object_id": "1", "object_repr": "Project Fame", "action_flag": 1, "change_message": "[{\"added\": {}}]"}}, {"model": "admin.logentry", "pk": 6, "fields": {"action_time": "2020-05-10T17:04:30.391Z", "user": 1, "content_type": 9, "object_id": "2", "object_repr": "Iono", "action_flag": 1, "change_message": "[{\"added\": {}}]"}}, {"model": "admin.logentry", "pk": 7, "fields": {"action_time": "2020-05-11T13:43:44.971Z", "user": 1, "content_type": 7, "object_id": "3", "object_repr": "Himorragi", "action_flag": 1, "change_message": "[{\"added\": {}}]"}}, {"model": "admin.logentry", "pk": 8, "fields": {"action_time": "2020-05-11T13:43:57.115Z", "user": 1, "content_type": 7, "object_id": "2", "object_repr": "Himorragi", "action_flag": 3, "change_message": ""}}, {"model": "admin.logentry", "pk": 9, "fields": {"action_time": "2020-05-11T13:43:57.121Z", "user": 1, "content_type": 7, "object_id": "1", "object_repr": "Halamunto", "action_flag": 3, "change_message": ""}}, {"model": "admin.logentry", "pk": 10, "fields": {"action_time": "2020-05-11T13:44:27.322Z", "user": 1, "content_type": 7, "object_id": "4", "object_repr": "Himorragi", "action_flag": 1, "change_message": "[{\"added\": {}}]"}}, {"model": "admin.logentry", "pk": 11, "fields": {"action_time": "2020-05-11T13:47:35.805Z", "user": 1, "content_type": 8, "object_id": "2", "object_repr": "Gaming Sickness", "action_flag": 3, "change_message": ""}}, {"model": "admin.logentry", "pk": 12, "fields": {"action_time": "2020-05-11T13:47:35.809Z", "user": 1, "content_type": 8, "object_id": "1", "object_repr": "Corona", "action_flag": 3, "change_message": ""}}, {"model": "admin.logentry", "pk": 13, "fields": {"action_time": "2020-05-11T13:48:10.635Z", "user": 1, "content_type": 8, "object_id": "3", "object_repr": "Corona", "action_flag": 1, "change_message": "[{\"added\": {}}]"}}, {"model": "admin.logentry", "pk": 14, "fields": {"action_time": "2020-05-11T13:48:43.673Z", "user": 1, "content_type": 8, "object_id": "4", "object_repr": "Gaming Sickness", "action_flag": 1, "change_message": "[{\"added\": {}}]"}}, {"model": "admin.logentry", "pk": 15, "fields": {"action_time": "2020-05-11T13:49:02.444Z", "user": 1, "content_type": 8, "object_id": "3", "object_repr": "Corona", "action_flag": 2, "change_message": "[{\"changed\": {\"fields\": [\"Tags\"]}}]"}}, {"model": "admin.logentry", "pk": 16, "fields": {"action_time": "2020-05-11T13:49:16.941Z", "user": 1, "content_type": 9, "object_id": "2", "object_repr": "Iono", "action_flag": 3, "change_message": ""}}, {"model": "admin.logentry", "pk": 17, "fields": {"action_time": "2020-05-11T13:49:16.945Z", "user": 1, "content_type": 9, "object_id": "1", "object_repr": "Project Fame", "action_flag": 3, "change_message": ""}}, {"model": "admin.logentry", "pk": 18, "fields": {"action_time": "2020-05-11T13:50:15.321Z", "user": 1, "content_type": 9, "object_id": "3", "object_repr": "Iono", "action_flag": 1, "change_message": "[{\"added\": {}}]"}}, {"model": "admin.logentry", "pk": 19, "fields": {"action_time": "2020-05-11T13:51:15.831Z", "user": 1, "content_type": 9, "object_id": "4", "object_repr": "Project Fame", "action_flag": 1, "change_message": "[{\"added\": {}}]"}}, {"model": "admin.logentry", "pk": 20, "fields": {"action_time": "2020-05-11T17:07:02.444Z", "user": 1, "content_type": 7, "object_id": "4", "object_repr": "Himorragi 2", "action_flag": 2, "change_message": "[{\"changed\": {\"fields\": [\"Title\", \"Slug\"]}}]"}}, {"model": "admin.logentry", "pk": 21, "fields": {"action_time": "2020-05-11T18:17:41.662Z", "user": 1, "content_type": 13, "object_id": "1", "object_repr": "Well", "action_flag": 1, "change_message": "[{\"added\": {}}]"}}, {"model": "admin.logentry", "pk": 22, "fields": {"action_time": "2020-05-13T12:35:42.952Z", "user": 1, "content_type": 10, "object_id": "1", "object_repr": "BlogFirst", "action_flag": 1, "change_message": "[{\"added\": {}}]"}}, {"model": "admin.logentry", "pk": 23, "fields": {"action_time": "2020-05-13T12:36:04.177Z", "user": 1, "content_type": 10, "object_id": "2", "object_repr": "BlogSecond", "action_flag": 1, "change_message": "[{\"added\": {}}]"}}, {"model": "admin.logentry", "pk": 24, "fields": {"action_time": "2020-05-13T12:36:13.533Z", "user": 1, "content_type": 10, "object_id": "3", "object_repr": "EventFirst", "action_flag": 1, "change_message": "[{\"added\": {}}]"}}, {"model": "admin.logentry", "pk": 25, "fields": {"action_time": "2020-05-13T12:36:25.706Z", "user": 1, "content_type": 10, "object_id": "4", "object_repr": "ProjectFirst", "action_flag": 1, "change_message": "[{\"added\": {}}]"}}, {"model": "admin.logentry", "pk": 26, "fields": {"action_time": "2020-05-13T12:36:34.820Z", "user": 1, "content_type": 10, "object_id": "5", "object_repr": "ProjectSecond", "action_flag": 1, "change_message": "[{\"added\": {}}]"}}, {"model": "admin.logentry", "pk": 27, "fields": {"action_time": "2020-05-13T12:46:38.591Z", "user": 1, "content_type": 10, "object_id": "1", "object_repr": "BlogFirst", "action_flag": 2, "change_message": "[{\"changed\": {\"fields\": [\"Slug\"]}}]"}}, {"model": "admin.logentry", "pk": 28, "fields": {"action_time": "2020-05-13T12:46:46.930Z", "user": 1, "content_type": 10, "object_id": "2", "object_repr": "BlogSecond", "action_flag": 2, "change_message": "[{\"changed\": {\"fields\": [\"Slug\"]}}]"}}, {"model": "admin.logentry", "pk": 29, "fields": {"action_time": "2020-05-13T12:46:54.756Z", "user": 1, "content_type": 10, "object_id": "3", "object_repr": "EventFirst", "action_flag": 2, "change_message": "[{\"changed\": {\"fields\": [\"Slug\"]}}]"}}, {"model": "admin.logentry", "pk": 30, "fields": {"action_time": "2020-05-13T12:47:17.742Z", "user": 1, "content_type": 10, "object_id": "4", "object_repr": "ProjectFirst", "action_flag": 2, "change_message": "[{\"changed\": {\"fields\": [\"Slug\"]}}]"}}, {"model": "admin.logentry", "pk": 31, "fields": {"action_time": "2020-05-13T12:47:29.310Z", "user": 1, "content_type": 10, "object_id": "5", "object_repr": "ProjectSecond", "action_flag": 2, "change_message": "[{\"changed\": {\"fields\": [\"Slug\"]}}]"}}, {"model": "admin.logentry", "pk": 32, "fields": {"action_time": "2020-05-14T11:02:29.832Z", "user": 1, "content_type": 13, "object_id": "2", "object_repr": "min", "action_flag": 1, "change_message": "[{\"added\": {}}]"}}, {"model": "admin.logentry", "pk": 33, "fields": {"action_time": "2020-05-16T09:52:02.089Z", "user": 1, "content_type": 14, "object_id": "1", "object_repr": "Payment object (1)", "action_flag": 3, "change_message": ""}}, {"model": "admin.logentry", "pk": 34, "fields": {"action_time": "2020-05-19T08:26:37.408Z", "user": 1, "content_type": 4, "object_id": "2", "object_repr": "Soladoye.Elijah", "action_flag": 3, "change_message": ""}}, {"model": "admin.logentry", "pk": 35, "fields": {"action_time": "2020-05-19T08:26:37.415Z", "user": 1, "content_type": 4, "object_id": "4", "object_repr": "Soladoye.jhcElijah", "action_flag": 3, "change_message": ""}}, {"model": "admin.logentry", "pk": 36, "fields": {"action_time": "2020-05-19T08:26:37.417Z", "user": 1, "content_type": 4, "object_id": "3", "object_repr": "Soladoye.jhgfcElijah", "action_flag": 3, "change_message": ""}}, {"model": "admin.logentry", "pk": 37, "fields": {"action_time": "2020-05-19T08:26:37.429Z", "user": 1, "content_type": 4, "object_id": "5", "object_repr": "Soladoye.jjhcElijah", "action_flag": 3, "change_message": ""}}, {"model": "admin.logentry", "pk": 38, "fields": {"action_time": "2020-05-19T08:26:37.434Z", "user": 1, "content_type": 4, "object_id": "6", "object_repr": "Soladoye.jjkjhhcElijah", "action_flag": 3, "change_message": ""}}, {"model": "admin.logentry", "pk": 39, "fields": {"action_time": "2020-05-19T08:26:53.831Z", "user": 1, "content_type": 4, "object_id": "7", "object_repr": "Soladoye.Liz", "action_flag": 3, "change_message": ""}}, {"model": "admin.logentry", "pk": 40, "fields": {"action_time": "2020-05-19T08:34:17.684Z", "user": 1, "content_type": 4, "object_id": "1", "object_repr": "admin", "action_flag": 2, "change_message": "[{\"changed\": {\"fields\": [\"First name\", \"Last name\", \"Email address\"]}}]"}}, {"model": "admin.logentry", "pk": 41, "fields": {"action_time": "2020-05-19T22:50:44.894Z", "user": 1, "content_type": 17, "object_id": "1", "object_repr": "Task object (1)", "action_flag": 1, "change_message": "[{\"added\": {}}]"}}, {"model": "admin.logentry", "pk": 42, "fields": {"action_time": "2020-05-19T22:51:02.524Z", "user": 1, "content_type": 17, "object_id": "2", "object_repr": "Task object (2)", "action_flag": 1, "change_message": "[{\"added\": {}}]"}}, {"model": "admin.logentry", "pk": 43, "fields": {"action_time": "2020-05-20T13:04:50.794Z", "user": 1, "content_type": 7, "object_id": "11", "object_repr": "Corona", "action_flag": 3, "change_message": ""}}, {"model": "admin.logentry", "pk": 44, "fields": {"action_time": "2020-05-20T13:04:50.835Z", "user": 1, "content_type": 7, "object_id": "10", "object_repr": "Corona", "action_flag": 3, "change_message": ""}}, {"model": "admin.logentry", "pk": 45, "fields": {"action_time": "2020-05-20T13:04:50.877Z", "user": 1, "content_type": 7, "object_id": "9", "object_repr": "Corona", "action_flag": 3, "change_message": ""}}, {"model": "admin.logentry", "pk": 46, "fields": {"action_time": "2020-05-20T13:04:50.924Z", "user": 1, "content_type": 7, "object_id": "8", "object_repr": "Corona", "action_flag": 3, "change_message": ""}}, {"model": "admin.logentry", "pk": 47, "fields": {"action_time": "2020-05-20T13:04:50.967Z", "user": 1, "content_type": 7, "object_id": "7", "object_repr": "Corona", "action_flag": 3, "change_message": ""}}, {"model": "admin.logentry", "pk": 48, "fields": {"action_time": "2020-05-20T13:11:04.318Z", "user": 1, "content_type": 7, "object_id": "6", "object_repr": "Corona", "action_flag": 3, "change_message": ""}}, {"model": "admin.logentry", "pk": 49, "fields": {"action_time": "2020-05-20T13:18:46.045Z", "user": 1, "content_type": 7, "object_id": "12", "object_repr": "Corona", "action_flag": 3, "change_message": ""}}, {"model": "admin.logentry", "pk": 50, "fields": {"action_time": "2020-05-20T13:42:41.364Z", "user": 1, "content_type": 7, "object_id": "14", "object_repr": "Himorragihk", "action_flag": 3, "change_message": ""}}, {"model": "admin.logentry", "pk": 51, "fields": {"action_time": "2020-05-20T13:42:41.404Z", "user": 1, "content_type": 7, "object_id": "13", "object_repr": "Gaming Sickness", "action_flag": 3, "change_message": ""}}, {"model": "admin.logentry", "pk": 52, "fields": {"action_time": "2020-05-20T13:44:51.818Z", "user": 1, "content_type": 7, "object_id": "16", "object_repr": "Himorragihk", "action_flag": 3, "change_message": ""}}, {"model": "admin.logentry", "pk": 53, "fields": {"action_time": "2020-05-20T13:44:51.863Z", "user": 1, "content_type": 7, "object_id": "15", "object_repr": "Himorragihk", "action_flag": 3, "change_message": ""}}, {"model": "admin.logentry", "pk": 54, "fields": {"action_time": "2020-05-20T13:47:30.709Z", "user": 1, "content_type": 7, "object_id": "17", "object_repr": "Himorragihk", "action_flag": 3, "change_message": ""}}, {"model": "admin.logentry", "pk": 55, "fields": {"action_time": "2020-05-20T13:51:22.940Z", "user": 1, "content_type": 7, "object_id": "18", "object_repr": "Himorragihk", "action_flag": 3, "change_message": ""}}, {"model": "admin.logentry", "pk": 56, "fields": {"action_time": "2020-05-20T13:53:33.535Z", "user": 1, "content_type": 7, "object_id": "19", "object_repr": "Himorragihk", "action_flag": 3, "change_message": ""}}, {"model": "admin.logentry", "pk": 57, "fields": {"action_time": "2020-05-20T13:55:20.584Z", "user": 1, "content_type": 7, "object_id": "20", "object_repr": "Himorragihk", "action_flag": 3, "change_message": ""}}, {"model": "admin.logentry", "pk": 58, "fields": {"action_time": "2020-05-20T14:02:45.775Z", "user": 1, "content_type": 7, "object_id": "5", "object_repr": "Ionom", "action_flag": 3, "change_message": ""}}, {"model": "admin.logentry", "pk": 59, "fields": {"action_time": "2020-05-20T14:02:45.814Z", "user": 1, "content_type": 7, "object_id": "22", "object_repr": "Himorragihk", "action_flag": 3, "change_message": ""}}, {"model": "admin.logentry", "pk": 60, "fields": {"action_time": "2020-05-20T14:02:45.854Z", "user": 1, "content_type": 7, "object_id": "21", "object_repr": "Himorragihk", "action_flag": 3, "change_message": ""}}, {"model": "admin.logentry", "pk": 61, "fields": {"action_time": "2020-05-20T22:55:43.667Z", "user": 1, "content_type": 7, "object_id": "25", "object_repr": "Himorragihk", "action_flag": 3, "change_message": ""}}, {"model": "admin.logentry", "pk": 62, "fields": {"action_time": "2020-05-20T22:55:43.739Z", "user": 1, "content_type": 7, "object_id": "24", "object_repr": "Himorragihk", "action_flag": 3, "change_message": ""}}, {"model": "admin.logentry", "pk": 63, "fields": {"action_time": "2020-05-20T22:59:31.913Z", "user": 1, "content_type": 7, "object_id": "26", "object_repr": "Himorragihkn", "action_flag": 3, "change_message": ""}}, {"model": "admin.logentry", "pk": 64, "fields": {"action_time": "2020-05-21T01:18:42.276Z", "user": 1, "content_type": 15, "object_id": "3", "object_repr": "Profile object (3)", "action_flag": 2, "change_message": "[{\"changed\": {\"fields\": [\"Dp\"]}}]"}}, {"model": "admin.logentry", "pk": 65, "fields": {"action_time": "2020-05-21T01:18:56.002Z", "user": 1, "content_type": 15, "object_id": "3", "object_repr": "Profile object (3)", "action_flag": 2, "change_message": "[{\"changed\": {\"fields\": [\"Dp\"]}}]"}}, {"model": "admin.logentry", "pk": 66, "fields": {"action_time": "2020-05-21T01:22:08.952Z", "user": 1, "content_type": 7, "object_id": "23", "object_repr": "Himorragihk", "action_flag": 3, "change_message": ""}}, {"model": "admin.logentry", "pk": 67, "fields": {"action_time": "2020-05-21T01:22:09.000Z", "user": 1, "content_type": 7, "object_id": "4", "object_repr": "Himorragi 2", "action_flag": 3, "change_message": ""}}, {"model": "admin.logentry", "pk": 68, "fields": {"action_time": "2020-05-21T01:22:09.038Z", "user": 1, "content_type": 7, "object_id": "3", "object_repr": "Himorragi", "action_flag": 3, "change_message": ""}}, {"model": "admin.logentry", "pk": 69, "fields": {"action_time": "2020-05-21T01:23:51.165Z", "user": 1, "content_type": 7, "object_id": "27", "object_repr": "Himorragi", "action_flag": 1, "change_message": "[{\"added\": {}}]"}}, {"model": "admin.logentry", "pk": 70, "fields": {"action_time": "2020-05-21T01:24:59.073Z", "user": 1, "content_type": 7, "object_id": "28", "object_repr": "Corona", "action_flag": 1, "change_message": "[{\"added\": {}}]"}}, {"model": "admin.logentry", "pk": 71, "fields": {"action_time": "2020-05-21T01:25:53.693Z", "user": 1, "content_type": 8, "object_id": "4", "object_repr": "Gaming Sickness", "action_flag": 3, "change_message": ""}}, {"model": "admin.logentry", "pk": 72, "fields": {"action_time": "2020-05-21T01:25:53.732Z", "user": 1, "content_type": 8, "object_id": "3", "object_repr": "Corona", "action_flag": 3, "change_message": ""}}, {"model": "admin.logentry", "pk": 73, "fields": {"action_time": "2020-05-21T01:26:58.482Z", "user": 1, "content_type": 8, "object_id": "5", "object_repr": "Gaming Sickness", "action_flag": 1, "change_message": "[{\"added\": {}}]"}}, {"model": "admin.logentry", "pk": 74, "fields": {"action_time": "2020-05-21T01:28:09.545Z", "user": 1, "content_type": 8, "object_id": "6", "object_repr": "Kingdom Hearts", "action_flag": 1, "change_message": "[{\"added\": {}}]"}}, {"model": "admin.logentry", "pk": 75, "fields": {"action_time": "2020-05-21T01:28:57.625Z", "user": 1, "content_type": 8, "object_id": "7", "object_repr": "Project Fame", "action_flag": 1, "change_message": "[{\"added\": {}}]"}}, {"model": "admin.logentry", "pk": 76, "fields": {"action_time": "2020-05-21T01:29:20.842Z", "user": 1, "content_type": 8, "object_id": "7", "object_repr": "Project Fame", "action_flag": 3, "change_message": ""}}, {"model": "admin.logentry", "pk": 77, "fields": {"action_time": "2020-05-21T01:30:15.096Z", "user": 1, "content_type": 9, "object_id": "4", "object_repr": "Project Fame", "action_flag": 2, "change_message": "[{\"changed\": {\"fields\": [\"Cover\"]}}]"}}, {"model": "admin.logentry", "pk": 78, "fields": {"action_time": "2020-05-21T01:30:31.517Z", "user": 1, "content_type": 9, "object_id": "3", "object_repr": "Iono", "action_flag": 2, "change_message": "[{\"changed\": {\"fields\": [\"Cover\"]}}]"}}, {"model": "admin.logentry", "pk": 79, "fields": {"action_time": "2020-05-21T10:59:25.155Z", "user": 1, "content_type": 15, "object_id": "4", "object_repr": "Profile object (4)", "action_flag": 2, "change_message": "[{\"changed\": {\"fields\": [\"Sex\", \"Location\"]}}]"}}, {"model": "admin.logentry", "pk": 80, "fields": {"action_time": "2020-05-21T10:59:52.205Z", "user": 1, "content_type": 15, "object_id": "3", "object_repr": "Profile object (3)", "action_flag": 2, "change_message": "[{\"changed\": {\"fields\": [\"Verified\"]}}]"}}, {"model": "admin.logentry", "pk": 81, "fields": {"action_time": "2020-05-23T10:39:57.959Z", "user": 1, "content_type": 18, "object_id": "1", "object_repr": "subadmin", "action_flag": 1, "change_message": "[{\"added\": {}}]"}}, {"model": "admin.logentry", "pk": 82, "fields": {"action_time": "2020-05-23T10:40:03.540Z", "user": 1, "content_type": 18, "object_id": "2", "object_repr": "admin", "action_flag": 1, "change_message": "[{\"added\": {}}]"}}, {"model": "admin.logentry", "pk": 83, "fields": {"action_time": "2020-05-23T10:40:44.880Z", "user": 1, "content_type": 19, "object_id": "1", "object_repr": "1", "action_flag": 1, "change_message": "[{\"added\": {}}]"}}, {"model": "admin.logentry", "pk": 84, "fields": {"action_time": "2020-05-23T18:29:24.240Z", "user": 1, "content_type": 17, "object_id": "3", "object_repr": "Task object (3)", "action_flag": 1, "change_message": "[{\"added\": {}}]"}}, {"model": "admin.logentry", "pk": 85, "fields": {"action_time": "2020-05-27T17:42:39.168Z", "user": 1, "content_type": 16, "object_id": "3", "object_repr": "Applicant object (3)", "action_flag": 1, "change_message": "[{\"added\": {}}]"}}, {"model": "admin.logentry", "pk": 86, "fields": {"action_time": "2020-05-27T17:44:18.364Z", "user": 1, "content_type": 16, "object_id": "3", "object_repr": "Applicant object (3)", "action_flag": 2, "change_message": "[{\"changed\": {\"fields\": [\"First name\", \"Last name\"]}}]"}}, {"model": "admin.logentry", "pk": 87, "fields": {"action_time": "2020-05-27T17:47:00.271Z", "user": 1, "content_type": 16, "object_id": "3", "object_repr": "Applicant object (3)", "action_flag": 2, "change_message": "[{\"changed\": {\"fields\": [\"First name\"]}}]"}}, {"model": "admin.logentry", "pk": 88, "fields": {"action_time": "2020-05-27T17:48:57.299Z", "user": 1, "content_type": 16, "object_id": "3", "object_repr": "Applicant object (3)", "action_flag": 2, "change_message": "[{\"changed\": {\"fields\": [\"First name\"]}}]"}}, {"model": "admin.logentry", "pk": 89, "fields": {"action_time": "2020-05-27T17:58:15.808Z", "user": 1, "content_type": 16, "object_id": "3", "object_repr": "Applicant object (3)", "action_flag": 2, "change_message": "[{\"changed\": {\"fields\": [\"First name\"]}}]"}}, {"model": "admin.logentry", "pk": 90, "fields": {"action_time": "2020-05-27T18:00:21.164Z", "user": 1, "content_type": 16, "object_id": "3", "object_repr": "Applicant object (3)", "action_flag": 2, "change_message": "[{\"changed\": {\"fields\": [\"First name\"]}}]"}}, {"model": "admin.logentry", "pk": 91, "fields": {"action_time": "2020-05-27T18:19:22.688Z", "user": 1, "content_type": 16, "object_id": "3", "object_repr": "Applicant object (3)", "action_flag": 2, "change_message": "[{\"changed\": {\"fields\": [\"First name\"]}}]"}}, {"model": "admin.logentry", "pk": 92, "fields": {"action_time": "2020-12-17T22:43:09.299Z", "user": 1, "content_type": 13, "object_id": "2", "object_repr": "min", "action_flag": 2, "change_message": "[{\"changed\": {\"fields\": [\"Source\"]}}]"}}, {"model": "admin.logentry", "pk": 93, "fields": {"action_time": "2020-12-17T22:43:16.701Z", "user": 1, "content_type": 13, "object_id": "1", "object_repr": "Well", "action_flag": 2, "change_message": "[{\"changed\": {\"fields\": [\"Source\"]}}]"}}, {"model": "admin.logentry", "pk": 94, "fields": {"action_time": "2021-02-08T12:20:29.211Z", "user": 1, "content_type": 7, "object_id": "28", "object_repr": "Corona", "action_flag": 2, "change_message": "[{\"changed\": {\"fields\": [\"Content\", \"Cover\"]}}]"}}, {"model": "admin.logentry", "pk": 95, "fields": {"action_time": "2021-02-08T12:21:48.745Z", "user": 1, "content_type": 7, "object_id": "27", "object_repr": "Himorragi", "action_flag": 2, "change_message": "[{\"changed\": {\"fields\": [\"Content\", \"Cover\"]}}]"}}, {"model": "admin.logentry", "pk": 96, "fields": {"action_time": "2021-02-08T12:23:16.134Z", "user": 1, "content_type": 7, "object_id": "27", "object_repr": "Himorragi", "action_flag": 2, "change_message": "[{\"changed\": {\"fields\": [\"Cover\"]}}]"}}, {"model": "admin.logentry", "pk": 97, "fields": {"action_time": "2021-02-08T12:24:25.005Z", "user": 1, "content_type": 7, "object_id": "27", "object_repr": "Himorragi", "action_flag": 2, "change_message": "[{\"changed\": {\"fields\": [\"Cover\"]}}]"}}, {"model": "admin.logentry", "pk": 98, "fields": {"action_time": "2021-02-08T12:24:52.259Z", "user": 1, "content_type": 7, "object_id": "27", "object_repr": "Himorragi", "action_flag": 2, "change_message": "[{\"changed\": {\"fields\": [\"Cover\"]}}]"}}, {"model": "admin.logentry", "pk": 99, "fields": {"action_time": "2021-02-08T12:29:15.152Z", "user": 1, "content_type": 7, "object_id": "27", "object_repr": "Himorragi", "action_flag": 2, "change_message": "[{\"changed\": {\"fields\": [\"Cover\"]}}]"}}, {"model": "admin.logentry", "pk": 100, "fields": {"action_time": "2021-02-08T12:29:43.403Z", "user": 1, "content_type": 7, "object_id": "27", "object_repr": "Himorragi", "action_flag": 2, "change_message": "[{\"changed\": {\"fields\": [\"Cover\"]}}]"}}, {"model": "admin.logentry", "pk": 101, "fields": {"action_time": "2021-02-08T12:30:23.726Z", "user": 1, "content_type": 7, "object_id": "27", "object_repr": "Himorragi", "action_flag": 2, "change_message": "[{\"changed\": {\"fields\": [\"Cover\"]}}]"}}, {"model": "auth.permission", "pk": 1, "fields": {"name": "Can add log entry", "content_type": 1, "codename": "add_logentry"}}, {"model": "auth.permission", "pk": 2, "fields": {"name": "Can change log entry", "content_type": 1, "codename": "change_logentry"}}, {"model": "auth.permission", "pk": 3, "fields": {"name": "Can delete log entry", "content_type": 1, "codename": "delete_logentry"}}, {"model": "auth.permission", "pk": 4, "fields": {"name": "Can view log entry", "content_type": 1, "codename": "view_logentry"}}, {"model": "auth.permission", "pk": 5, "fields": {"name": "Can add permission", "content_type": 2, "codename": "add_permission"}}, {"model": "auth.permission", "pk": 6, "fields": {"name": "Can change permission", "content_type": 2, "codename": "change_permission"}}, {"model": "auth.permission", "pk": 7, "fields": {"name": "Can delete permission", "content_type": 2, "codename": "delete_permission"}}, {"model": "auth.permission", "pk": 8, "fields": {"name": "Can view permission", "content_type": 2, "codename": "view_permission"}}, {"model": "auth.permission", "pk": 9, "fields": {"name": "Can add group", "content_type": 3, "codename": "add_group"}}, {"model": "auth.permission", "pk": 10, "fields": {"name": "Can change group", "content_type": 3, "codename": "change_group"}}, {"model": "auth.permission", "pk": 11, "fields": {"name": "Can delete group", "content_type": 3, "codename": "delete_group"}}, {"model": "auth.permission", "pk": 12, "fields": {"name": "Can view group", "content_type": 3, "codename": "view_group"}}, {"model": "auth.permission", "pk": 13, "fields": {"name": "Can add user", "content_type": 4, "codename": "add_user"}}, {"model": "auth.permission", "pk": 14, "fields": {"name": "Can change user", "content_type": 4, "codename": "change_user"}}, {"model": "auth.permission", "pk": 15, "fields": {"name": "Can delete user", "content_type": 4, "codename": "delete_user"}}, {"model": "auth.permission", "pk": 16, "fields": {"name": "Can view user", "content_type": 4, "codename": "view_user"}}, {"model": "auth.permission", "pk": 17, "fields": {"name": "Can add content type", "content_type": 5, "codename": "add_contenttype"}}, {"model": "auth.permission", "pk": 18, "fields": {"name": "Can change content type", "content_type": 5, "codename": "change_contenttype"}}, {"model": "auth.permission", "pk": 19, "fields": {"name": "Can delete content type", "content_type": 5, "codename": "delete_contenttype"}}, {"model": "auth.permission", "pk": 20, "fields": {"name": "Can view content type", "content_type": 5, "codename": "view_contenttype"}}, {"model": "auth.permission", "pk": 21, "fields": {"name": "Can add session", "content_type": 6, "codename": "add_session"}}, {"model": "auth.permission", "pk": 22, "fields": {"name": "Can change session", "content_type": 6, "codename": "change_session"}}, {"model": "auth.permission", "pk": 23, "fields": {"name": "Can delete session", "content_type": 6, "codename": "delete_session"}}, {"model": "auth.permission", "pk": 24, "fields": {"name": "Can view session", "content_type": 6, "codename": "view_session"}}, {"model": "auth.permission", "pk": 25, "fields": {"name": "Can add blog", "content_type": 7, "codename": "add_blog"}}, {"model": "auth.permission", "pk": 26, "fields": {"name": "Can change blog", "content_type": 7, "codename": "change_blog"}}, {"model": "auth.permission", "pk": 27, "fields": {"name": "Can delete blog", "content_type": 7, "codename": "delete_blog"}}, {"model": "auth.permission", "pk": 28, "fields": {"name": "Can view blog", "content_type": 7, "codename": "view_blog"}}, {"model": "auth.permission", "pk": 29, "fields": {"name": "Can add event", "content_type": 8, "codename": "add_event"}}, {"model": "auth.permission", "pk": 30, "fields": {"name": "Can change event", "content_type": 8, "codename": "change_event"}}, {"model": "auth.permission", "pk": 31, "fields": {"name": "Can delete event", "content_type": 8, "codename": "delete_event"}}, {"model": "auth.permission", "pk": 32, "fields": {"name": "Can view event", "content_type": 8, "codename": "view_event"}}, {"model": "auth.permission", "pk": 33, "fields": {"name": "Can add project", "content_type": 9, "codename": "add_project"}}, {"model": "auth.permission", "pk": 34, "fields": {"name": "Can change project", "content_type": 9, "codename": "change_project"}}, {"model": "auth.permission", "pk": 35, "fields": {"name": "Can delete project", "content_type": 9, "codename": "delete_project"}}, {"model": "auth.permission", "pk": 36, "fields": {"name": "Can view project", "content_type": 9, "codename": "view_project"}}, {"model": "auth.permission", "pk": 37, "fields": {"name": "Can add post", "content_type": 7, "codename": "add_post"}}, {"model": "auth.permission", "pk": 38, "fields": {"name": "Can change post", "content_type": 7, "codename": "change_post"}}, {"model": "auth.permission", "pk": 39, "fields": {"name": "Can delete post", "content_type": 7, "codename": "delete_post"}}, {"model": "auth.permission", "pk": 40, "fields": {"name": "Can view post", "content_type": 7, "codename": "view_post"}}, {"model": "auth.permission", "pk": 41, "fields": {"name": "Can add category", "content_type": 10, "codename": "add_category"}}, {"model": "auth.permission", "pk": 42, "fields": {"name": "Can change category", "content_type": 10, "codename": "change_category"}}, {"model": "auth.permission", "pk": 43, "fields": {"name": "Can delete category", "content_type": 10, "codename": "delete_category"}}, {"model": "auth.permission", "pk": 44, "fields": {"name": "Can view category", "content_type": 10, "codename": "view_category"}}, {"model": "auth.permission", "pk": 45, "fields": {"name": "Can add Tag", "content_type": 11, "codename": "add_tag"}}, {"model": "auth.permission", "pk": 46, "fields": {"name": "Can change Tag", "content_type": 11, "codename": "change_tag"}}, {"model": "auth.permission", "pk": 47, "fields": {"name": "Can delete Tag", "content_type": 11, "codename": "delete_tag"}}, {"model": "auth.permission", "pk": 48, "fields": {"name": "Can view Tag", "content_type": 11, "codename": "view_tag"}}, {"model": "auth.permission", "pk": 49, "fields": {"name": "Can add Tagged Item", "content_type": 12, "codename": "add_taggeditem"}}, {"model": "auth.permission", "pk": 50, "fields": {"name": "Can change Tagged Item", "content_type": 12, "codename": "change_taggeditem"}}, {"model": "auth.permission", "pk": 51, "fields": {"name": "Can delete Tagged Item", "content_type": 12, "codename": "delete_taggeditem"}}, {"model": "auth.permission", "pk": 52, "fields": {"name": "Can view Tagged Item", "content_type": 12, "codename": "view_taggeditem"}}, {"model": "auth.permission", "pk": 53, "fields": {"name": "Can add image", "content_type": 13, "codename": "add_image"}}, {"model": "auth.permission", "pk": 54, "fields": {"name": "Can change image", "content_type": 13, "codename": "change_image"}}, {"model": "auth.permission", "pk": 55, "fields": {"name": "Can delete image", "content_type": 13, "codename": "delete_image"}}, {"model": "auth.permission", "pk": 56, "fields": {"name": "Can view image", "content_type": 13, "codename": "view_image"}}, {"model": "auth.permission", "pk": 57, "fields": {"name": "Can add payment", "content_type": 14, "codename": "add_payment"}}, {"model": "auth.permission", "pk": 58, "fields": {"name": "Can change payment", "content_type": 14, "codename": "change_payment"}}, {"model": "auth.permission", "pk": 59, "fields": {"name": "Can delete payment", "content_type": 14, "codename": "delete_payment"}}, {"model": "auth.permission", "pk": 60, "fields": {"name": "Can view payment", "content_type": 14, "codename": "view_payment"}}, {"model": "auth.permission", "pk": 61, "fields": {"name": "Can add profile", "content_type": 15, "codename": "add_profile"}}, {"model": "auth.permission", "pk": 62, "fields": {"name": "Can change profile", "content_type": 15, "codename": "change_profile"}}, {"model": "auth.permission", "pk": 63, "fields": {"name": "Can delete profile", "content_type": 15, "codename": "delete_profile"}}, {"model": "auth.permission", "pk": 64, "fields": {"name": "Can view profile", "content_type": 15, "codename": "view_profile"}}, {"model": "auth.permission", "pk": 65, "fields": {"name": "Can add applicant", "content_type": 16, "codename": "add_applicant"}}, {"model": "auth.permission", "pk": 66, "fields": {"name": "Can change applicant", "content_type": 16, "codename": "change_applicant"}}, {"model": "auth.permission", "pk": 67, "fields": {"name": "Can delete applicant", "content_type": 16, "codename": "delete_applicant"}}, {"model": "auth.permission", "pk": 68, "fields": {"name": "Can view applicant", "content_type": 16, "codename": "view_applicant"}}, {"model": "auth.permission", "pk": 69, "fields": {"name": "Can add task", "content_type": 17, "codename": "add_task"}}, {"model": "auth.permission", "pk": 70, "fields": {"name": "Can change task", "content_type": 17, "codename": "change_task"}}, {"model": "auth.permission", "pk": 71, "fields": {"name": "Can delete task", "content_type": 17, "codename": "delete_task"}}, {"model": "auth.permission", "pk": 72, "fields": {"name": "Can view task", "content_type": 17, "codename": "view_task"}}, {"model": "auth.permission", "pk": 73, "fields": {"name": "Can add contact", "content_type": 18, "codename": "add_contact"}}, {"model": "auth.permission", "pk": 74, "fields": {"name": "Can change contact", "content_type": 18, "codename": "change_contact"}}, {"model": "auth.permission", "pk": 75, "fields": {"name": "Can delete contact", "content_type": 18, "codename": "delete_contact"}}, {"model": "auth.permission", "pk": 76, "fields": {"name": "Can view contact", "content_type": 18, "codename": "view_contact"}}, {"model": "auth.permission", "pk": 77, "fields": {"name": "Can add chat", "content_type": 19, "codename": "add_chat"}}, {"model": "auth.permission", "pk": 78, "fields": {"name": "Can change chat", "content_type": 19, "codename": "change_chat"}}, {"model": "auth.permission", "pk": 79, "fields": {"name": "Can delete chat", "content_type": 19, "codename": "delete_chat"}}, {"model": "auth.permission", "pk": 80, "fields": {"name": "Can view chat", "content_type": 19, "codename": "view_chat"}}, {"model": "auth.permission", "pk": 81, "fields": {"name": "Can add message", "content_type": 20, "codename": "add_message"}}, {"model": "auth.permission", "pk": 82, "fields": {"name": "Can change message", "content_type": 20, "codename": "change_message"}}, {"model": "auth.permission", "pk": 83, "fields": {"name": "Can delete message", "content_type": 20, "codename": "delete_message"}}, {"model": "auth.permission", "pk": 84, "fields": {"name": "Can view message", "content_type": 20, "codename": "view_message"}}, {"model": "auth.permission", "pk": 85, "fields": {"name": "Can add visitor", "content_type": 21, "codename": "add_visitor"}}, {"model": "auth.permission", "pk": 86, "fields": {"name": "Can change visitor", "content_type": 21, "codename": "change_visitor"}}, {"model": "auth.permission", "pk": 87, "fields": {"name": "Can delete visitor", "content_type": 21, "codename": "delete_visitor"}}, {"model": "auth.permission", "pk": 88, "fields": {"name": "Can view visitor", "content_type": 21, "codename": "view_visitor"}}, {"model": "auth.permission", "pk": 89, "fields": {"name": "Can add subscriber", "content_type": 22, "codename": "add_subscriber"}}, {"model": "auth.permission", "pk": 90, "fields": {"name": "Can change subscriber", "content_type": 22, "codename": "change_subscriber"}}, {"model": "auth.permission", "pk": 91, "fields": {"name": "Can delete subscriber", "content_type": 22, "codename": "delete_subscriber"}}, {"model": "auth.permission", "pk": 92, "fields": {"name": "Can view subscriber", "content_type": 22, "codename": "view_subscriber"}}, {"model": "auth.user", "pk": 1, "fields": {"password": "pbkdf2_sha256$390000$x3D3E2cfW1TjpH83GTSXXI$iHlvpHXIP0qnIKNbgrLqpnLNl/R/faDjIQqx/zt2ovQ=", "last_login": "2023-08-30T10:40:26.896Z", "is_superuser": true, "username": "admin", "first_name": "Elijah", "last_name": "Soladoye", "email": "shodown96@gmail.com", "is_staff": true, "is_active": true, "date_joined": "2020-05-10T14:20:52Z", "groups": [], "user_permissions": []}}, {"model": "auth.user", "pk": 8, "fields": {"password": "pbkdf2_sha256$180000$rqemnAURIcnW$N+46AP2Zx1tOjzBzZkOZbOg8REimd3dGszTt856BIl4=", "last_login": "2020-05-25T22:31:29.185Z", "is_superuser": true, "username": "subadmin", "first_name": "", "last_name": "", "email": "subadmin@ex.com", "is_staff": true, "is_active": true, "date_joined": "2020-05-19T23:03:30.859Z", "groups": [], "user_permissions": []}}, {"model": "auth.user", "pk": 9, "fields": {"password": "pbkdf2_sha256$180000$aUERJtn0OFFc$s0IKeRDjGKN5inBdA3k/8UpDbCh+bwZBeHJK+AXVMtU=", "last_login": null, "is_superuser": false, "username": "Dummy.Dummy", "first_name": "Dummy", "last_name": "Dummy", "email": "marjieb0@arthursbox.com", "is_staff": false, "is_active": true, "date_joined": "2020-05-27T17:43:15.908Z", "groups": [], "user_permissions": []}}, {"model": "auth.user", "pk": 10, "fields": {"password": "pbkdf2_sha256$180000$S23vaTuN9j8n$aVGlBmm5gm8bIFxNFo11xjg93T3na+eFC7TVPCLXjRY=", "last_login": null, "is_superuser": false, "username": "Dummy2.Dummy2", "first_name": "Dummy2", "last_name": "Dummy2", "email": "marjieb0@arthursbox.com", "is_staff": false, "is_active": true, "date_joined": "2020-05-27T17:44:24.384Z", "groups": [], "user_permissions": []}}, {"model": "auth.user", "pk": 11, "fields": {"password": "pbkdf2_sha256$180000$5yuc5PpEM6FS$Tr5K8EqGe8bhJ0VWJxu+UlEkQEDuD4Oq8kInYD1g4dE=", "last_login": null, "is_superuser": false, "username": "Dummy2.Dummy21", "first_name": "Dummy21", "last_name": "Dummy2", "email": "marjieb0@arthursbox.com", "is_staff": false, "is_active": true, "date_joined": "2020-05-27T17:47:10.049Z", "groups": [], "user_permissions": []}}, {"model": "auth.user", "pk": 12, "fields": {"password": "pbkdf2_sha256$180000$kNwCw5NgAzsT$srSp9WbZUjO5PW5qp9y/brnMXWBvQi1PJ/pmAFeDnYM=", "last_login": null, "is_superuser": false, "username": "Dummy2.Dummy2561", "first_name": "Dummy2561", "last_name": "Dummy2", "email": "marjieb0@arthursbox.com", "is_staff": false, "is_active": true, "date_joined": "2020-05-27T17:49:04.187Z", "groups": [], "user_permissions": []}}, {"model": "auth.user", "pk": 13, "fields": {"password": "pbkdf2_sha256$180000$sWM4SLUCaxvE$ucRxyFDPsFgWaXELqEQVavKBrLyy1s//dBnfVPfbVv8=", "last_login": null, "is_superuser": false, "username": "Dummy2.Dum", "first_name": "Dum", "last_name": "Dummy2", "email": "marjieb0@arthursbox.com", "is_staff": false, "is_active": true, "date_joined": "2020-05-27T17:58:22.116Z", "groups": [], "user_permissions": []}}, {"model": "auth.user", "pk": 14, "fields": {"password": "pbkdf2_sha256$180000$p0luo3dXqMsQ$d/Kt/sgoEOkGgCF97l00mwT+GRJnV0p4gIscqbB1L54=", "last_login": null, "is_superuser": false, "username": "Dummy2.Dum2", "first_name": "Dum2", "last_name": "Dummy2", "email": "marjieb0@arthursbox.com", "is_staff": false, "is_active": true, "date_joined": "2020-05-27T18:00:29.387Z", "groups": [], "user_permissions": []}}, {"model": "auth.user", "pk": 15, "fields": {"password": "pbkdf2_sha256$180000$yKYAk2x7Tutg$Lssva67g6BhCdLekU8zCZHmOch3+6QlrRa1Y1EEkqlo=", "last_login": null, "is_superuser": false, "username": "Dummy2.Dum27", "first_name": "Dum27", "last_name": "Dummy2", "email": "marjieb0@arthursbox.com", "is_staff": false, "is_active": true, "date_joined": "2020-05-27T18:19:31.842Z", "groups": [], "user_permissions": []}}, {"model": "auth.user", "pk": 16, "fields": {"password": "pbkdf2_sha256$216000$75nmMPNbvwg4$iYxnT7ZU1hFN0me1Lik3I80Dg9OhmImXdE0P8zqcqPY=", "last_login": null, "is_superuser": true, "username": "admin22", "first_name": "", "last_name": "", "email": "", "is_staff": true, "is_active": true, "date_joined": "2020-12-14T21:53:32.328Z", "groups": [], "user_permissions": []}}, {"model": "auth.user", "pk": 17, "fields": {"password": "pbkdf2_sha256$216000$dkylLftu5uBZ$6FGWbUh8UEctjDrUat1PwUMw788mux2qHkmNSHs5rKI=", "last_login": null, "is_superuser": true, "username": "admin2", "first_name": "", "last_name": "", "email": "", "is_staff": true, "is_active": true, "date_joined": "2020-12-14T21:54:16.089Z", "groups": [], "user_permissions": []}}, {"model": "contenttypes.contenttype", "pk": 1, "fields": {"app_label": "admin", "model": "logentry"}}, {"model": "contenttypes.contenttype", "pk": 2, "fields": {"app_label": "auth", "model": "permission"}}, {"model": "contenttypes.contenttype", "pk": 3, "fields": {"app_label": "auth", "model": "group"}}, {"model": "contenttypes.contenttype", "pk": 4, "fields": {"app_label": "auth", "model": "user"}}, {"model": "contenttypes.contenttype", "pk": 5, "fields": {"app_label": "contenttypes", "model": "contenttype"}}, {"model": "contenttypes.contenttype", "pk": 6, "fields": {"app_label": "sessions", "model": "session"}}, {"model": "contenttypes.contenttype", "pk": 7, "fields": {"app_label": "ngo", "model": "post"}}, {"model": "contenttypes.contenttype", "pk": 8, "fields": {"app_label": "ngo", "model": "event"}}, {"model": "contenttypes.contenttype", "pk": 9, "fields": {"app_label": "ngo", "model": "project"}}, {"model": "contenttypes.contenttype", "pk": 10, "fields": {"app_label": "ngo", "model": "category"}}, {"model": "contenttypes.contenttype", "pk": 11, "fields": {"app_label": "taggit", "model": "tag"}}, {"model": "contenttypes.contenttype", "pk": 12, "fields": {"app_label": "taggit", "model": "taggeditem"}}, {"model": "contenttypes.contenttype", "pk": 13, "fields": {"app_label": "ngo", "model": "image"}}, {"model": "contenttypes.contenttype", "pk": 14, "fields": {"app_label": "payment", "model": "payment"}}, {"model": "contenttypes.contenttype", "pk": 15, "fields": {"app_label": "vauth", "model": "profile"}}, {"model": "contenttypes.contenttype", "pk": 16, "fields": {"app_label": "vauth", "model": "applicant"}}, {"model": "contenttypes.contenttype", "pk": 17, "fields": {"app_label": "vauth", "model": "task"}}, {"model": "contenttypes.contenttype", "pk": 18, "fields": {"app_label": "chat", "model": "contact"}}, {"model": "contenttypes.contenttype", "pk": 19, "fields": {"app_label": "chat", "model": "chat"}}, {"model": "contenttypes.contenttype", "pk": 20, "fields": {"app_label": "chat", "model": "message"}}, {"model": "contenttypes.contenttype", "pk": 21, "fields": {"app_label": "vauth", "model": "visitor"}}, {"model": "contenttypes.contenttype", "pk": 22, "fields": {"app_label": "ngo", "model": "subscriber"}}, {"model": "sessions.session", "pk": "0ldc6uip6o6yr0le70yus76vidfu7ctx", "fields": {"session_data": ".eJxVjMsOwiAQRf-FtSGUNy7d-w1kGAapGkhKuzL-uzbpQrf3nHNfLMK21rgNWuKc2ZlN7PS7JcAHtR3kO7Rb59jbusyJ7wo_6ODXnul5Ody_gwqjfuvgpQLrUJfiNFooaMhnlTB5A0aoooFC1sLS5CgF421wvhQJZIUDadn7A_nnOFE:1kq1z7:if1LRSqH2aiI3EXu12QSgyG6JGxFWHY_8VcC28Pp2sk", "expire_date": "2020-12-31T22:42:57.056Z"}}, {"model": "sessions.session", "pk": "6x7fbyv56o5ui7q5sdir6vkj1vhttafi", "fields": {"session_data": "NTYyODRkOGU0YmI2MjQ3OTFlYjU1YmZmMzQwYmE2ZjcwNzAxMjNmYTp7Il9hdXRoX3VzZXJfaWQiOiIxIiwiX2F1dGhfdXNlcl9iYWNrZW5kIjoiZGphbmdvLmNvbnRyaWIuYXV0aC5iYWNrZW5kcy5Nb2RlbEJhY2tlbmQiLCJfYXV0aF91c2VyX2hhc2giOiIwMGFkN2I3YjU3NDhkM2RiYzA1NWFjZDQ4NjlkMmRjMGM0OGNmZDAyIn0=", "expire_date": "2020-06-04T01:33:49.421Z"}}, {"model": "sessions.session", "pk": "7hwpdbbhu4gdq453zsdd3ybi7m3wy6pz", "fields": {"session_data": "NmU1MDc0MGUzZDQxM2JmYTE0YmFjMDdhZWE1MDg1NGFmZmNkOWUxYjp7Il9hdXRoX3VzZXJfaWQiOiIxIiwiX2F1dGhfdXNlcl9iYWNrZW5kIjoiZGphbmdvLmNvbnRyaWIuYXV0aC5iYWNrZW5kcy5Nb2RlbEJhY2tlbmQiLCJfYXV0aF91c2VyX2hhc2giOiIwMGFkN2I3YjU3NDhkM2RiYzA1NWFjZDQ4NjlkMmRjMGM0OGNmZDAyIiwiX3Nlc3Npb25fZXhwaXJ5IjowfQ==", "expire_date": "2020-06-19T22:51:08.190Z"}}, {"model": "sessions.session", "pk": "82d0soojo4xkmyn29fy50srapb4wt86d", "fields": {"session_data": "NTYyODRkOGU0YmI2MjQ3OTFlYjU1YmZmMzQwYmE2ZjcwNzAxMjNmYTp7Il9hdXRoX3VzZXJfaWQiOiIxIiwiX2F1dGhfdXNlcl9iYWNrZW5kIjoiZGphbmdvLmNvbnRyaWIuYXV0aC5iYWNrZW5kcy5Nb2RlbEJhY2tlbmQiLCJfYXV0aF91c2VyX2hhc2giOiIwMGFkN2I3YjU3NDhkM2RiYzA1NWFjZDQ4NjlkMmRjMGM0OGNmZDAyIn0=", "expire_date": "2020-05-24T16:56:10.855Z"}}, {"model": "sessions.session", "pk": "8typ361ryeh72os82bnc7u2ehqapcv1r", "fields": {"session_data": "YTc4MWNmNmUxOTYxMDU3YTRkNzNiZTg0YzY1YTI5MTE1ZTE1ODkwMzp7Il9hdXRoX3VzZXJfaWQiOiI4IiwiX2F1dGhfdXNlcl9iYWNrZW5kIjoiZGphbmdvLmNvbnRyaWIuYXV0aC5iYWNrZW5kcy5Nb2RlbEJhY2tlbmQiLCJfYXV0aF91c2VyX2hhc2giOiIzOGViMTRlOGU0ZWY3ZDRlODUyODM0NDFkOGZkMzliZWEwMDNiYThkIn0=", "expire_date": "2020-06-08T22:31:29.252Z"}}, {"model": "sessions.session", "pk": "b8u8zzphfrrwhiqz9kigq0k990gy1qc2", "fields": {"session_data": "Zjg5ODMwZGZkNzI0MjVlMTAxM2VjNGU2Nzc1ZDNlNTkyYmExNTg4NTp7fQ==", "expire_date": "2020-06-02T09:55:18.214Z"}}, {"model": "sessions.session", "pk": "dbj4l9du0eptkbywiqz9jr7dnw5d1taz", "fields": {"session_data": "Zjg5ODMwZGZkNzI0MjVlMTAxM2VjNGU2Nzc1ZDNlNTkyYmExNTg4NTp7fQ==", "expire_date": "2020-06-02T09:46:48.909Z"}}, {"model": "sessions.session", "pk": "gqy8b66080wrojfbsxyr2rqfndqsqvv5", "fields": {"session_data": "YTc4MWNmNmUxOTYxMDU3YTRkNzNiZTg0YzY1YTI5MTE1ZTE1ODkwMzp7Il9hdXRoX3VzZXJfaWQiOiI4IiwiX2F1dGhfdXNlcl9iYWNrZW5kIjoiZGphbmdvLmNvbnRyaWIuYXV0aC5iYWNrZW5kcy5Nb2RlbEJhY2tlbmQiLCJfYXV0aF91c2VyX2hhc2giOiIzOGViMTRlOGU0ZWY3ZDRlODUyODM0NDFkOGZkMzliZWEwMDNiYThkIn0=", "expire_date": "2020-06-06T18:33:56.108Z"}}, {"model": "sessions.session", "pk": "hec55tlm6qo763s5rx79hopkmh9ggbr3", "fields": {"session_data": "Zjg5ODMwZGZkNzI0MjVlMTAxM2VjNGU2Nzc1ZDNlNTkyYmExNTg4NTp7fQ==", "expire_date": "2020-06-02T09:52:40.962Z"}}, {"model": "sessions.session", "pk": "hx8tjijeqt807kd1tuov96rlk7jllttt", "fields": {"session_data": ".eJxVjDsOwjAQBe_iGln-5OOkpOcM1q53TQzIRnEigRB3h0gpoH0zb17Cw7pMfq08-0RiFFocfjeEcOW8AbpAPhcZSl7mhHJT5E6rPBXi23F3_wIT1On7Zq2UbjUDc3AwYGyNHgIp6Bw2gGzJOI4xkI3ooNEWe8vOtL3tgqG-26KVa00le37c0_wUo3p_AML9P_Q:1l958g:LAmIB4oiyqp0u2IWmz1xtg8jIcWot3mtKhIXB75gG48", "expire_date": "2021-02-22T11:55:34.358Z"}}, {"model": "sessions.session", "pk": "i2dxs0p4dztst0urrs0fr8low8nsqmpn", "fields": {"session_data": "YTc4MWNmNmUxOTYxMDU3YTRkNzNiZTg0YzY1YTI5MTE1ZTE1ODkwMzp7Il9hdXRoX3VzZXJfaWQiOiI4IiwiX2F1dGhfdXNlcl9iYWNrZW5kIjoiZGphbmdvLmNvbnRyaWIuYXV0aC5iYWNrZW5kcy5Nb2RlbEJhY2tlbmQiLCJfYXV0aF91c2VyX2hhc2giOiIzOGViMTRlOGU0ZWY3ZDRlODUyODM0NDFkOGZkMzliZWEwMDNiYThkIn0=", "expire_date": "2020-06-04T10:52:30.395Z"}}, {"model": "sessions.session", "pk": "n6br63qfgrva4rsh2rxis0s41ov3o60y", "fields": {"session_data": ".eJxVjEEOwiAQRe_C2pABWqQu3XsGMgyMRQ2Y0iYa4921SRe6_e_99xIel3n0S0uTz1EchBK73y0gXVNZQbxgOVdJtcxTDnJV5EabPNWYbsfN_QuM2MbvmxG0chTIxeRA98xBs0JCw4O1DBBJadN1-x4omIEssrYBnDLQUVS0RltqLdfi0-Oep6c4wPsDreI_ew:1qbIcc:AXn59gA8UY6drd-HgHCGUadE32cDhyzn2x5m_39MzT4", "expire_date": "2023-09-13T10:40:26.898Z"}}, {"model": "sessions.session", "pk": "xdccxjlw16ub9947d7ndbdtqpijnv5eq", "fields": {"session_data": "Zjg5ODMwZGZkNzI0MjVlMTAxM2VjNGU2Nzc1ZDNlNTkyYmExNTg4NTp7fQ==", "expire_date": "2020-06-02T09:46:35.165Z"}}, {"model": "sessions.session", "pk": "z24tb5ekcxjetzf1ch2fymtf5wkhc8ku", "fields": {"session_data": ".eJxVjMsOwiAUBf-FtSG05dmle7-BXOBiUQMG2kRj_Hcl6UK3Z-bMi1jY1sVuDatNgcxkIIffzYG_Yu4gXCCfC_UlrzU52hW600ZPJeDtuLt_gQXa8n0bPU4glecxKu4lRC9Qh8l5pwUINkUOaAJnEgeFzggtjdIxjoCSKRhljzZsLZVs8XFP9Ulm9v4AqpE_jg:1kovnT:EPv3y2cS94cVMNSN714ATtHed-bw7Im6FfrA7K_2IA4", "expire_date": "2020-12-28T21:54:23.047Z"}}, {"model": "sessions.session", "pk": "zd53mq63s9kb7bcp2xxt2ji6umv6paju", "fields": {"session_data": "Zjg5ODMwZGZkNzI0MjVlMTAxM2VjNGU2Nzc1ZDNlNTkyYmExNTg4NTp7fQ==", "expire_date": "2020-05-30T09:13:23.585Z"}}, {"model": "ngo.category", "pk": 1, "fields": {"title": "BlogFirst", "slug": "blog-first", "cat_type": "P"}}, {"model": "ngo.category", "pk": 2, "fields": {"title": "BlogSecond", "slug": "blog-second", "cat_type": "P"}}, {"model": "ngo.category", "pk": 3, "fields": {"title": "EventFirst", "slug": "event-first", "cat_type": "E"}}, {"model": "ngo.category", "pk": 4, "fields": {"title": "ProjectFirst", "slug": "project-first", "cat_type": "PR"}}, {"model": "ngo.category", "pk": 5, "fields": {"title": "ProjectSecond", "slug": "project-second", "cat_type": "PR"}}, {"model": "ngo.post", "pk": 27, "fields": {"title": "Himorragi", "slug": "himorragi", "content": "<p>Note that this only provides a hint to the browser as to what file-types to display to the user, but this can be easily circumvented, so you should always validate the uploaded file on the server also.</p>", "created": "2020-05-21T01:23:50.779Z", "cover": "posts/Screenshot_2021-02-07_at_19.09.20_mCXihjR.png", "category": 1, "author": 1}}, {"model": "ngo.post", "pk": 28, "fields": {"title": "Corona", "slug": "corona", "content": "<p>Note that this only provides a hint to the browser as to what file-types to display to the user, but this can be easily circumvented, so you should always validate the uploaded file on the server also.</p>", "created": "2020-05-21T01:24:58.747Z", "cover": "posts/lmu.chaplaincy_130797833_1892677260875356_4193194800350049688_n.jpg", "category": 1, "author": 1}}, {"model": "ngo.event", "pk": 5, "fields": {"title": "Gaming Sickness", "slug": "gaming-sickness", "content": "Note that this only provides a hint to the browser as to what file-types to display to the user, but this can be easily circumvented, so you should always validate the uploaded file on the server also.", "created": "2020-05-21T01:26:58.058Z", "due_datetime": "2020-04-25T01:26:32Z", "location": "Somewhere", "embed_script": null, "cover": "events/Screenshot_2020-05-09_at_1.42.57_PM.png"}}, {"model": "ngo.event", "pk": 6, "fields": {"title": "Kingdom Hearts", "slug": "kingdom-hearts", "content": "Note that this only provides a hint to the browser as to what file-types to display to the user, but this can be easily circumvented, so you should always validate the uploaded file on the server also.", "created": "2020-05-21T01:28:09.235Z", "due_datetime": "2020-04-25T01:27:47Z", "location": "Somewhere", "embed_script": null, "cover": "events/Screenshot_2020-05-11_at_12.31.15_PM.png"}}, {"model": "ngo.project", "pk": 3, "fields": {"title": "Iono", "slug": "iono", "content": "The European languages are members of the same family. Their separate existence is a myth. For science, music, sport, etc, Europe uses the same vocabulary. The languages only differ in their grammar, their pronunciation and their most common words. Everyone realizes why a new common language would be desirable: one could refuse to pay expensive translators. To achieve this, it", "created": "2020-05-11T13:50:15.297Z", "cover": "projects/Screenshot_2020-05-11_at_12.31.07_PM.png", "raised": 900.0, "goal": 2000.0}}, {"model": "ngo.project", "pk": 4, "fields": {"title": "Project Fame", "slug": "project-fame", "content": "The European languages are members of the same family. Their separate existence is a myth. For science, music, sport, etc, Europe uses the same vocabulary. The languages only differ in their grammar, their pronunciation and their most common words. Everyone realizes why a new common language would be desirable: one could refuse to pay expensive translators. To achieve this, it", "created": "2020-05-11T13:51:15.820Z", "cover": "projects/Screenshot_2020-05-11_at_12.31.35_PM.png", "raised": 600.0, "goal": 3000.0}}, {"model": "ngo.image", "pk": 1, "fields": {"name": "Well", "source": "Onward-English-2018-20180118171848-500x500_MVuUqHn.jpg", "description": "The European languages are members of the same family. Their separate existence is a myth. For science, music, sport, etc, Europe uses the same vocabulary.", "published": "2020-05-11T18:17:41.659Z"}}, {"model": "ngo.image", "pk": 2, "fields": {"name": "min", "source": "Onward-English-2018-20180118171848-500x500.jpg", "description": "If you use the second format and you don't give a name to the constraint, then the constraint will get an automatically generated name. This is done so that you can later delete the constraint with ALTER TABLE DROP constraint_name.", "published": "2020-05-14T11:02:29.829Z"}}, {"model": "ngo.subscriber", "pk": 1, "fields": {"email": "elijahsoladoye@rocketmail.com"}}, {"model": "payment.payment", "pk": 2, "fields": {"api_id": 687215500, "access_code": "wzlfoz0ui067vjo", "status": "success", "reference": "EzhPv3jC4kty3ziH5Y1D", "email": "shodown96@gmail.com", "amount": 678000.0, "message": null, "requested_amount": 6780.0, "paid": true, "paid_at": "2020-05-16T09:53:33Z", "created_at": "2020-05-16T09:53:25Z", "authorization_url": "https://checkout.paystack.com/wzlfoz0ui067vjo"}}, {"model": "payment.payment", "pk": 3, "fields": {"api_id": 687236451, "access_code": "mqzsad0c63d3pe3", "status": "success", "reference": "PltqkVlGE9EQCQLeAYfZ", "email": "shodown96@gmail.com", "amount": 678900.0, "message": null, "requested_amount": 6789.0, "paid": true, "paid_at": "2020-05-16T10:06:33Z", "created_at": "2020-05-16T10:06:26Z", "authorization_url": "https://checkout.paystack.com/mqzsad0c63d3pe3"}}, {"model": "payment.payment", "pk": 4, "fields": {"api_id": 687238073, "access_code": "hd4c5boa79wlnj6", "status": "success", "reference": "mXhZt384cQ2vjY15ZQyV", "email": "shodown96@gmail.com", "amount": 400000.0, "message": null, "requested_amount": 4000.0, "paid": true, "paid_at": "2020-05-16T10:07:34Z", "created_at": "2020-05-16T10:07:30Z", "authorization_url": "https://checkout.paystack.com/hd4c5boa79wlnj6"}}, {"model": "payment.payment", "pk": 5, "fields": {"api_id": 687243989, "access_code": "876kayd1hau9wqn", "status": "success", "reference": "1rA2e1UyMe0q3hfEsz1T", "email": "shodown96@gmail.com", "amount": 200000.0, "message": null, "requested_amount": 2000.0, "paid": true, "paid_at": "2020-05-16T10:11:27Z", "created_at": "2020-05-16T10:11:21Z", "authorization_url": "https://checkout.paystack.com/876kayd1hau9wqn"}}, {"model": "payment.payment", "pk": 6, "fields": {"api_id": 687272481, "access_code": "aff1aqf9ub1ew4j", "status": "success", "reference": "ObtOrr7rxz8jn3G0r2jS", "email": "shodown96@gmail.com", "amount": 70000.0, "message": null, "requested_amount": 700.0, "paid": true, "paid_at": "2020-05-16T10:31:07Z", "created_at": "2020-05-16T10:31:01Z", "authorization_url": "https://checkout.paystack.com/aff1aqf9ub1ew4j"}}, {"model": "payment.payment", "pk": 7, "fields": {"api_id": 687285411, "access_code": "41olmbydcxhb4zk", "status": "success", "reference": "lMU6fXzGJzVm4yZtvnz7", "email": "shodown96@gmail.com", "amount": 70000.0, "message": null, "requested_amount": 700.0, "paid": true, "paid_at": "2020-05-16T10:38:54Z", "created_at": "2020-05-16T10:38:48Z", "authorization_url": "https://checkout.paystack.com/41olmbydcxhb4zk"}}, {"model": "payment.payment", "pk": 8, "fields": {"api_id": 687320384, "access_code": "ln732mmxtm6wrbf", "status": "success", "reference": "IJsiXen3hrLh7rvvU2wF", "email": "shodown96@gmail.com", "amount": 8000.0, "message": null, "requested_amount": 80.0, "paid": true, "paid_at": "2020-05-16T11:01:35Z", "created_at": "2020-05-16T11:01:26Z", "authorization_url": "https://checkout.paystack.com/ln732mmxtm6wrbf"}}, {"model": "payment.payment", "pk": 9, "fields": {"api_id": 687321846, "access_code": "h7z7c6k1pf3wiep", "status": "success", "reference": "ZypklUyhcggo1w0LSpH3", "email": "shodown96@gmail.com", "amount": 7000.0, "message": null, "requested_amount": 70.0, "paid": true, "paid_at": "2020-05-16T11:02:26Z", "created_at": "2020-05-16T11:02:20Z", "authorization_url": "https://checkout.paystack.com/h7z7c6k1pf3wiep"}}, {"model": "payment.payment", "pk": 10, "fields": {"api_id": 687323587, "access_code": "ab353y16o8kgck1", "status": "success", "reference": "Kn4lSvksSGz0bNvRtfqo", "email": "shodown96@gmail.com", "amount": 700000.0, "message": null, "requested_amount": 7000.0, "paid": true, "paid_at": "2020-05-16T11:03:42Z", "created_at": "2020-05-16T11:03:15Z", "authorization_url": "https://checkout.paystack.com/ab353y16o8kgck1"}}, {"model": "payment.payment", "pk": 11, "fields": {"api_id": 687384396, "access_code": "7aeqb63dbldwawb", "status": "success", "reference": "r9nPCRHxNjf8O16cCRRW", "email": "shodown96@gmail.com", "amount": 2000.0, "message": null, "requested_amount": 20.0, "paid": true, "paid_at": "2020-05-16T11:42:26Z", "created_at": "2020-05-16T11:42:20Z", "authorization_url": "https://checkout.paystack.com/7aeqb63dbldwawb"}}, {"model": "payment.payment", "pk": 12, "fields": {"api_id": 687385923, "access_code": "56v760t1z8hlhck", "status": "success", "reference": "GB4sxka6i4a7bNZB6Xae", "email": "shodown96@gmail.com", "amount": 67000.0, "message": null, "requested_amount": 670.0, "paid": true, "paid_at": "2020-05-16T11:43:27Z", "created_at": "2020-05-16T11:43:21Z", "authorization_url": "https://checkout.paystack.com/56v760t1z8hlhck"}}, {"model": "payment.payment", "pk": 13, "fields": {"api_id": 687388212, "access_code": "p2mwaud1wg6mp94", "status": "success", "reference": "w7n7T7tD2SAAgPZGEm1q", "email": "shodown96@gmail.com", "amount": 8900.0, "message": null, "requested_amount": 89.0, "paid": true, "paid_at": "2020-05-16T11:45:11Z", "created_at": "2020-05-16T11:45:04Z", "authorization_url": "https://checkout.paystack.com/p2mwaud1wg6mp94"}}, {"model": "payment.payment", "pk": 14, "fields": {"api_id": 687390972, "access_code": "nra235h9lk1wni8", "status": "success", "reference": "nZT0k2bDvk7EQryZumnP", "email": "shodown96@gmail.com", "amount": 8700.0, "message": null, "requested_amount": 87.0, "paid": true, "paid_at": "2020-05-16T11:47:22Z", "created_at": "2020-05-16T11:47:12Z", "authorization_url": "https://checkout.paystack.com/nra235h9lk1wni8"}}, {"model": "payment.payment", "pk": 15, "fields": {"api_id": 687392968, "access_code": "8bg072cx2gsigri", "status": "success", "reference": "87LTJEjBabuSe6FNigW7", "email": "shodown96@gmail.com", "amount": 8700.0, "message": null, "requested_amount": 87.0, "paid": true, "paid_at": "2020-05-16T11:48:52Z", "created_at": "2020-05-16T11:48:48Z", "authorization_url": "https://checkout.paystack.com/8bg072cx2gsigri"}}, {"model": "payment.payment", "pk": 16, "fields": {"api_id": 687399505, "access_code": "1bq2drku7cgng9g", "status": "success", "reference": "jkXjlVniEJVLXqxOXGdr", "email": "shodown96@gmail.com", "amount": 8700.0, "message": null, "requested_amount": 87.0, "paid": true, "paid_at": "2020-05-16T11:53:30Z", "created_at": "2020-05-16T11:53:25Z", "authorization_url": "https://checkout.paystack.com/1bq2drku7cgng9g"}}, {"model": "payment.payment", "pk": 17, "fields": {"api_id": 687401064, "access_code": "f819bghyua8ux34", "status": "success", "reference": "XHyYLNbKcvp0PZsL3bAp", "email": "shodown96@gmail.com", "amount": 9800.0, "message": null, "requested_amount": 98.0, "paid": true, "paid_at": "2020-05-16T11:54:40Z", "created_at": "2020-05-16T11:54:36Z", "authorization_url": "https://checkout.paystack.com/f819bghyua8ux34"}}, {"model": "payment.payment", "pk": 18, "fields": {"api_id": 687404609, "access_code": "mk0581jof40h92m", "status": "success", "reference": "iJtFLL1npnfT0qIvx6FF", "email": "shodown96@gmail.com", "amount": 8700.0, "message": null, "requested_amount": 87.0, "paid": true, "paid_at": "2020-05-16T11:57:17Z", "created_at": "2020-05-16T11:57:13Z", "authorization_url": "https://checkout.paystack.com/mk0581jof40h92m"}}, {"model": "payment.payment", "pk": 19, "fields": {"api_id": 687407176, "access_code": "ag9xt4mqncxhknd", "status": "success", "reference": "h79ZfVRphrUizOeEtGbn", "email": "shodown96@gmail.com", "amount": 65400.0, "message": null, "requested_amount": 654.0, "paid": true, "paid_at": "2020-05-16T11:59:12Z", "created_at": "2020-05-16T11:59:06Z", "authorization_url": "https://checkout.paystack.com/ag9xt4mqncxhknd"}}, {"model": "payment.payment", "pk": 20, "fields": {"api_id": 687409626, "access_code": "tobdqbywdu7rgth", "status": "success", "reference": "FZ6HTlAcIoNCJufT2UKu", "email": "shodown96@gmail.com", "amount": 87600.0, "message": null, "requested_amount": 876.0, "paid": true, "paid_at": "2020-05-16T12:00:55Z", "created_at": "2020-05-16T12:00:47Z", "authorization_url": "https://checkout.paystack.com/tobdqbywdu7rgth"}}, {"model": "payment.payment", "pk": 21, "fields": {"api_id": 687416494, "access_code": "73k3dv64t1tfaif", "status": "success", "reference": "Pg38zsqQufW1Uz6OmYA0", "email": "shodown96@gmail.com", "amount": 678700.0, "message": null, "requested_amount": 6787.0, "paid": true, "paid_at": "2020-05-16T12:04:18Z", "created_at": "2020-05-16T12:04:13Z", "authorization_url": "https://checkout.paystack.com/73k3dv64t1tfaif"}}, {"model": "payment.payment", "pk": 22, "fields": {"api_id": 687674862, "access_code": "z3eawca9yohhmd9", "status": "success", "reference": "Dnzpdn6AiBcVeQ4adI5F", "email": "shodown96@gmail.com", "amount": 20000.0, "message": null, "requested_amount": 200.0, "paid": true, "paid_at": "2020-05-16T15:01:14Z", "created_at": "2020-05-16T15:01:08Z", "authorization_url": "https://checkout.paystack.com/z3eawca9yohhmd9"}}, {"model": "payment.payment", "pk": 23, "fields": {"api_id": null, "access_code": "ok20vjax1yeyh2z", "status": "", "reference": "vUfeZTIpRyaWJaN9ncSf", "email": "shodown96@gmail.com", "amount": null, "message": null, "requested_amount": 290.0, "paid": false, "paid_at": null, "created_at": null, "authorization_url": "https://checkout.paystack.com/ok20vjax1yeyh2z"}}, {"model": "payment.payment", "pk": 24, "fields": {"api_id": 687678147, "access_code": "gl86e78sihlhhc6", "status": "success", "reference": "RzS5AcfNi0p9o0fVYHni", "email": "shodown96@gmail.com", "amount": 29000.0, "message": null, "requested_amount": 290.0, "paid": true, "paid_at": "2020-05-16T15:03:46Z", "created_at": "2020-05-16T15:03:38Z", "authorization_url": "https://checkout.paystack.com/gl86e78sihlhhc6"}}, {"model": "payment.payment", "pk": 25, "fields": {"api_id": null, "access_code": "5lc5ng7xt9lgck1", "status": "", "reference": "AbW4KY50vHWlTSEAhFTv", "email": "shodown96@gmail.com", "amount": null, "message": null, "requested_amount": 98.0, "paid": false, "paid_at": null, "created_at": null, "authorization_url": "https://checkout.paystack.com/5lc5ng7xt9lgck1"}}, {"model": "payment.payment", "pk": 26, "fields": {"api_id": null, "access_code": "e7jgeb5mmvfc7k3", "status": "", "reference": "9Zh1RSSkPyIrMtEVDhx1", "email": "shodown96@gmail.com", "amount": null, "message": null, "requested_amount": 987.0, "paid": false, "paid_at": null, "created_at": null, "authorization_url": "https://checkout.paystack.com/e7jgeb5mmvfc7k3"}}, {"model": "taggit.tag", "pk": 1, "fields": {"name": "wells", "slug": "wells"}}, {"model": "taggit.tag", "pk": 2, "fields": {"name": "nonsense", "slug": "nonsense"}}, {"model": "taggit.tag", "pk": 3, "fields": {"name": "gaming", "slug": "gaming"}}, {"model": "taggit.tag", "pk": 4, "fields": {"name": "virus", "slug": "virus"}}, {"model": "taggit.tag", "pk": 5, "fields": {"name": "hmmn", "slug": "hmmn"}}, {"model": "taggit.tag", "pk": 6, "fields": {"name": "entertainment", "slug": "entertainment"}}, {"model": "taggit.tag", "pk": 7, "fields": {"name": "kbh", "slug": "kbh"}}, {"model": "taggit.tag", "pk": 8, "fields": {"name": "singing", "slug": "singing"}}, {"model": "taggit.taggeditem", "pk": 6, "fields": {"tag": 5, "content_type": 9, "object_id": 3}}, {"model": "taggit.taggeditem", "pk": 7, "fields": {"tag": 6, "content_type": 9, "object_id": 4}}, {"model": "taggit.taggeditem", "pk": 22, "fields": {"tag": 2, "content_type": 7, "object_id": 27}}, {"model": "taggit.taggeditem", "pk": 23, "fields": {"tag": 4, "content_type": 7, "object_id": 28}}, {"model": "taggit.taggeditem", "pk": 24, "fields": {"tag": 3, "content_type": 8, "object_id": 5}}, {"model": "taggit.taggeditem", "pk": 25, "fields": {"tag": 3, "content_type": 8, "object_id": 6}}]